{
  "winding_correlation": -0.041176137005836826,
  "pca_variance_explained": 0.37835274636745453
}