{
  "winding_correlation": -0.03822879374524477,
  "pca_variance_explained": 0.39194080233573914
}