{
  "winding_correlation": 0.04513967057733729,
  "pca_variance_explained": 0.34103743731975555
}