{
  "winding_correlation": 0.05636518910723765,
  "pca_variance_explained": 0.32238881289958954
}