{
  "winding_correlation": -0.04054189906198166,
  "pca_variance_explained": 0.3693285882472992
}