{
  "winding_correlation": -0.03590193775423225,
  "pca_variance_explained": 0.38817499577999115
}