{
  "winding_correlation": -0.033283917707026406,
  "pca_variance_explained": 0.40685513615608215
}