{
  "winding_correlation": 0.0425591191943178,
  "pca_variance_explained": 0.3624054342508316
}